reference_set,sequence,tool,sp_score,tc_score,runtime_sec,memory_mb
RV11,BB11001,mafft,0.831275720164609,0.0,0.26050782203674316,12.34
RV11,BB11001,muscle,0.9032921810699589,0.10416666666666667,0.03387165069580078,5.16
RV11,BB11001,clustalo,0.9629629629629629,0.8020833333333334,0.6687133312225342,5.47
RV11,BB11001,tcoffee,0.8189300411522634,0.020833333333333332,1.4395794868469238,475.97
RV11,BB11001,probcons,0.9135802469135802,0.7395833333333334,0.04529070854187012,4.76
